time,latitude,longitude,depth,rms,mag_Mw,days_since_last_event,events_last_30_days,events_last_90_days,avg_mag_last_30_days,avg_mag_last_90_days,max_mag_last_30_days,max_mag_last_90_days,distance_from_cairo_km,mag_category_3classes,depth_category_3classes
1955-11-12 05:32:18.020000+00:00,25.119,34.506,15,0.89,5.73,0,1,1,5.73,5.73,5.73,5.73,635.3868132,2,1
1956-12-18 17:53:06.180000+00:00,31.522,35.487,15,0.89,5.67,402,2,2,5.7,5.7,5.73,5.73,438.0532237,2,1
1969-04-14 13:43:56.580000+00:00,27.343,33.665,15,0.89,5.19,14,4,4,5.7975,5.7975,6.6,6.6,382.5635716,2,1
1973-03-05 23:59:46.600000+00:00,27.686,33.644,25,0.89,4.855,250,6,6,5.548333333,5.548333333,6.6,6.6,351.7865219,2,1
1974-04-29 20:04:39.700000+00:00,30.529,31.721,33,0.89,5.195,419,7,7,5.455714286,5.455714286,6.6,6.6,71.23840843,2,2
1979-04-23 13:01:58.600000+00:00,31.244,35.461,33,0.89,5.365,135,9,9,5.398888889,5.398888889,6.6,6.6,425.6226205,2,2
1982-01-02 01:41:04.590000+00:00,23.669,32.527,10,0.9,4.685,48,11,11,5.29,5.29,6.6,6.6,720.3718346,2,0
1982-01-02 01:49:03.250000+00:00,23.781,32.71,10,1.4,4.345,0,12,12,5.174166667,5.174166667,6.6,6.6,711.6071936,1,0
1982-03-23 10:48:27.870000+00:00,27.956,34.373,33,1,5.025,80,13,13,5.137692308,5.137692308,6.6,6.6,383.3979773,2,2
1982-08-20 12:57:33.360000+00:00,23.604,32.562,10,1,5.025,150,14,14,5.106428571,5.106428571,6.6,6.6,728.110308,2,0
1982-10-14 13:40:23.160000+00:00,26.872,34.814,10,1.2,5.11,55,15,15,5.086,5.086,6.6,6.6,496.7243198,2,0
1982-10-30 04:36:46.290000+00:00,27.764,34.002,10,1.4,4.855,15,16,16,5.049375,5.049375,6.6,6.6,369.8481693,2,0
1983-02-03 13:46:02.310000+00:00,29.165,34.832,10,1,5.195,96,17,17,5.040588235,5.040588235,6.6,6.6,361.1555635,2,0
1983-02-03 17:32:24.090000+00:00,29.188,34.863,10,1.1,4.855,0,18,18,5.010555556,5.010555556,6.6,6.6,363.3242762,2,0
1983-02-03 19:11:34.750000+00:00,29.185,34.668,10,1,4.855,0,19,19,4.983684211,4.983684211,6.6,6.6,345.2677079,2,0
1983-02-03 23:30:24.920000+00:00,29.272,34.766,10,1,5.11,0,20,20,4.9745,4.9745,6.6,6.6,351.7526214,2,0
1983-06-12 12:00:06.340000+00:00,28.509,33.171,10,0.9,5.28,128,21,21,4.975714286,4.975714286,6.6,6.6,253.7277425,2,0
1984-03-29 21:36:06.220000+00:00,30.183,32.1,10,1.1,5.025,291,22,22,4.963181818,4.963181818,6.6,6.6,84.55073462,2,0
1984-07-02 01:46:58.900000+00:00,25.257,34.565,10,1.1,5.1,94,23,23,4.969130435,4.969130435,6.6,6.6,625.1337276,2,0
1984-12-08 07:41:53.480000+00:00,27.654,34.006,10,1,4.855,159,24,24,4.949583333,4.949583333,6.6,6.6,378.7153776,2,0
1985-01-25 06:08:03.820000+00:00,31.899,35.503,31.3,1.2,4.94,47,25,25,4.9356,4.9356,6.6,6.6,456.0732353,2,2
1985-02-28 16:55:47.220000+00:00,27.962,33.817,10,1.2,4.94,34,26,26,4.922692308,4.922692308,6.6,6.6,341.4934143,2,0
1985-12-31 19:42:40.640000+00:00,29.075,34.855,10,1.2,5.195,306,27,27,4.921851852,4.921851852,6.6,6.6,366.264617,2,0
1986-04-08 08:43:34.610000+00:00,27.215,34.291,10,1.5,4.685,97,28,28,4.899642857,4.899642857,6.6,6.6,433.4333379,2,0
1987-01-02 10:14:46.400000+00:00,30.48,32.221,24.1,0.9,5.28,269,29,29,4.903103448,4.903103448,6.6,6.6,106.3055042,2,1
1987-04-27 20:41:46.320000+00:00,31.278,35.482,10,0.3,3.72,115,30,30,4.879666667,4.879666667,6.6,6.6,428.656535,1,0
1987-07-13 13:36:17.890000+00:00,25.61,29.763,10,0.6,4.685,76,30,31,4.832,4.860967742,6.6,6.6,513.890983,2,0
1987-09-06 09:05:53.910000+00:00,26.979,35.018,10,1,5.195,54,30,32,4.806333333,4.8621875,6.6,6.6,502.6820891,2,0
1987-10-18 01:05:41.860000+00:00,29.521,35.187,10,1.1,4.145,41,30,33,4.743,4.857272727,5.6,6.6,385.7259046,1,0
1987-10-23 16:32:31.380000+00:00,30.942,35.778,10,1.4,3.805,5,30,34,4.713333333,4.840882353,5.6,6.6,446.483014,1,0
1987-12-14 21:50:59.370000+00:00,30.722,31.699,10,1,4.515,52,30,35,4.663333333,4.819714286,5.3,6.6,87.47549546,2,0
1988-03-04 02:58:33.670000+00:00,26.817,34.964,10,1,4.43,80,30,36,4.646666667,4.796944444,5.3,6.6,511.4895189,1,0
1988-06-05 18:26:57.840000+00:00,27.969,33.775,10,1.1,4.94,93,30,37,4.636666667,4.791621622,5.3,6.6,337.9651379,2,0
1988-11-29 17:06:59.570000+00:00,28.469,33.818,10,0.9,3.465,176,30,38,4.59,4.768157895,5.3,6.6,305.6669944,0,0
1989-04-04 11:32:11.840000+00:00,26.897,34.917,10,0.9,4.77,125,30,39,4.566666667,4.758717949,5.3,6.6,501.8897411,2,0
1989-07-27 12:17:25.450000+00:00,30.222,32.567,10,1.1,2.955,114,30,40,4.5,4.72225,5.1,6.6,129.5419112,0,0
1989-09-06 21:27:27.110000+00:00,27.657,33.862,10,0.8,4.14,41,30,41,4.49,4.704634146,5.1,6.6,368.6156184,1,0
1989-10-04 21:25:13.960000+00:00,28.076,33.732,10,1.5,3.813,27,30,42,4.483333333,4.680714286,5.1,6.6,326.746986,1,0
1989-12-18 21:48:10.310000+00:00,28.424,33.333,10,1.3,4.77,75,30,43,4.473333333,4.674186047,5.1,6.6,271.7957556,2,0
1990-01-24 03:57:51.520000+00:00,27.599,34.231,10,0.6,4.249,36,30,44,4.453333333,4.661136364,5.1,6.6,398.8215591,1,0
1990-02-23 04:58:14.720000+00:00,27.036,32.729,10,0.8,4.14,30,30,45,4.426666667,4.646444444,5.1,6.6,364.9264215,1,0
1990-03-15 11:24:30.100000+00:00,28.005,34.575,5,0.5,4.14,20,30,46,4.41,4.632391304,5.1,6.6,395.9973047,1,0
1990-03-25 12:02:17.730000+00:00,28.846,33.16,10,0.6,3.922,10,30,47,4.373333333,4.614680851,5.1,6.6,229.0716124,1,0
1990-05-18 18:27:51.270000+00:00,31.713,24.796,10,1.5,4.467,54,30,48,4.366666667,4.608125,5.1,6.6,641.836562,1,0
1990-07-02 12:11:50.100000+00:00,28.858,35.351,5,1.2,3.922,44,30,49,4.343333333,4.591632653,5.1,6.6,419.704225,1,0
1990-07-07 01:38:19.570000+00:00,29.05,31.84,10,1.1,3.922,4,30,50,4.31,4.5758,5.1,6.6,125.0727326,1,0
1990-08-11 21:04:37.780000+00:00,29.324,32.566,10,0.2,3.922,35,30,51,4.27,4.560588235,5.1,6.6,151.4302031,1,0
1990-09-13 12:10:00.510000+00:00,31.996,34.184,10,0.9,3.465,32,30,52,4.243333333,4.547884615,5.1,6.6,354.9722081,0,0
1990-09-13 22:10:07.150000+00:00,27.161,35.125,10,1.2,4.94,0,30,53,4.226666667,4.548867925,5,6.6,496.882799,2,0
1991-03-27 00:18:25.300000+00:00,27.621,33.724,10,0.4,4.14,194,30,54,4.21,4.538703704,5,6.6,362.4169595,1,0
1991-09-28 00:43:07.040000+00:00,31.048,35.464,10,1.3,4.031,185,30,55,4.186666667,4.527090909,5,6.6,419.9791333,1,0
1991-10-05 18:48:25.990000+00:00,29.536,32.591,31.3,0.8,4.358,7,30,56,4.173333333,4.52125,5,6.6,142.4804809,1,2
1991-11-26 10:41:46.400000+00:00,28.885,33.247,10,0.2,4.14,51,30,57,4.143333333,4.512105263,5,6.6,233.5219374,1,0
1991-12-05 00:52:41.790000+00:00,28.498,32.888,13,0.7,3.92,8,30,58,4.113333333,4.492931034,5,6.6,235.0529021,1,1
1992-01-11 03:46:31.040000+00:00,31.238,35.375,10,0.7,3.813,37,30,59,4.07,4.479491525,4.9,6.6,417.6186569,1,0
1992-05-22 23:10:43.790000+00:00,30.165,32.036,10,1.2,4.855,132,30,60,4.08,4.479833333,4.9,6.6,78.14459989,2,0
1992-06-03 15:04:41.380000+00:00,26.592,34.688,10,0.1,3.8,11,30,61,4.063333333,4.468688525,4.9,6.6,511.3715644,1,0
1992-09-03 17:09:20.400000+00:00,27.347,34.584,10,1.2,4.345,92,30,62,4.03,4.459516129,4.7,6.6,443.3701612,1,0
1992-09-07 02:57:51.650000+00:00,31.298,35.551,10,0.7,3.813,3,30,63,3.996666667,4.447460317,4.6,6.6,435.5785964,1,0
1992-09-15 07:24:14.040000+00:00,27.617,34.293,10,0.5,3.922,8,30,64,3.98,4.43734375,4.6,6.6,401.894626,1,0
1992-09-25 21:33:20.260000+00:00,27.974,34.393,10,0.5,4.14,10,30,65,3.976666667,4.430615385,4.6,6.6,383.7221225,1,0
1992-09-25 21:35:39.670000+00:00,27.92,33.979,10,1.5,4.358,0,30,66,3.983333333,4.427121212,4.6,6.6,356.35129,1,0
1992-09-25 22:02:54.620000+00:00,27.388,34.081,10,1,4.43,0,30,67,3.963333333,4.420746269,4.6,6.6,405.2266377,1,0
1992-09-25 22:20:17.020000+00:00,27.423,33.97,10,0.9,4.345,0,30,68,3.963333333,4.413088235,4.6,6.6,394.9862728,1,0
1992-09-25 23:06:12.940000+00:00,27.165,33.858,10,0.9,3.922,0,30,69,3.943333333,4.404202899,4.6,6.6,409.8991354,1,0
1992-09-26 01:09:57.230000+00:00,28.286,33.8,10,0.5,4.09,0,30,70,3.953333333,4.392714286,4.6,6.6,316.56393,1,0
1992-09-26 01:42:25.450000+00:00,27.734,34.032,10,0.8,4.031,0,30,71,3.95,4.385774648,4.6,6.6,374.2889289,1,0
1992-10-07 21:41:14.280000+00:00,30.55,35.209,10,0.7,4.14,11,30,72,3.96,4.380416667,4.6,6.6,385.5672024,1,0
1992-10-12 13:09:55.510000+00:00,29.778,31.144,21.5,1.2,5.8,4,30,73,4.006666667,4.399863014,5.8,6.6,30.91276575,2,1
1992-10-12 15:25:20.970000+00:00,29.72,31.096,10,1,4.515,0,30,74,4.006666667,4.395810811,5.8,6.6,38.50413241,2,0
1992-10-12 21:31:37.020000+00:00,29.618,31.377,10,1.5,3.92,0,30,75,3.986666667,4.382533333,5.8,6.6,49.33371184,1,0
1992-10-13 18:09:03.050000+00:00,29.687,31.042,10,1.7,3.813,0,30,76,3.976666667,4.373552632,5.8,6.6,43.91149436,1,0
1992-10-14 03:50:15.610000+00:00,30.088,31.277,10,1.7,3.635,0,30,77,3.986666667,4.37,5.8,6.6,6.268987619,1,0
1992-10-14 09:40:24.990000+00:00,29.728,31.184,10,1.1,4.175,0,30,78,3.966666667,4.361410256,5.8,6.6,35.53338395,1,0
1992-10-20 01:57:58.420000+00:00,28.443,33.158,10,1.1,4.345,5,30,79,3.97,4.35556962,5.8,6.6,257.8525411,1,0
1992-10-20 05:25:15.490000+00:00,28.552,32.863,10,1.3,3.922,0,30,80,3.97,4.348625,5.8,6.6,228.9906035,1,0
1992-10-22 17:39:00.600000+00:00,29.755,31.535,10,0.8,4.855,2,30,81,3.993333333,4.350493827,5.8,6.6,43.21937733,2,0
1992-10-27 09:44:48.120000+00:00,28.82,33.136,29.4,0.8,4.005,4,30,82,3.98,4.340121951,5.8,6.6,228.9119405,1,1
1992-10-27 11:02:48.230000+00:00,28.835,33.166,22.9,0.6,4.43,0,30,83,3.96,4.336024096,5.8,6.6,230.2647383,1,1
1992-11-04 16:29:39.930000+00:00,29.713,31.541,10,1.2,3.38,8,30,84,3.953333333,4.329642857,5.8,6.6,47.16320465,0,0
1992-11-05 18:41:49.770000+00:00,29.711,31.006,26.3,1.3,4.855,1,30,85,3.973333333,4.331647059,5.8,6.6,43.18377846,2,1
1992-11-05 19:16:46.370000+00:00,29.757,31.078,25.4,0.9,4.249,0,30,86,3.97,4.328953488,5.8,6.6,35.38863676,1,1
1992-11-06 02:42:01+00:00,29.572,31.152,31.5,0.5,3.665,0,30,87,3.94,4.314827586,5.8,6.6,53.14561937,1,2
1992-11-07 01:35:03.670000+00:00,29.732,31.261,33,0.7,4.005,0,30,88,3.943333333,4.305568182,5.8,6.6,34.82281872,1,2
1992-11-10 11:17:17.850000+00:00,29.685,31.06,30,0.7,4.77,3,30,89,3.966666667,4.306629213,5.8,6.6,43.40650556,2,1
1992-11-12 04:12:50.090000+00:00,29.491,34.858,10,0.9,4.14,1,30,90,3.95,4.303222222,5.8,6.6,354.9895685,1,0
1992-12-04 15:02:53.020000+00:00,29.518,31.33,10,1.2,3.704,22,30,90,3.943333333,4.279555556,5.8,6.6,59.23628096,1,0
1992-12-09 20:26:11.670000+00:00,28.392,32.9,10,1.5,3.595,5,30,90,3.93,4.255444444,5.8,6.6,244.6287743,1,0
1993-03-10 19:26:56.290000+00:00,30.079,31.654,10,1.2,4.855,90,30,90,3.956666667,4.232111111,5.8,5.8,40.43963829,2,0
1993-03-29 03:37:58.070000+00:00,28.384,33.307,10.8,1.3,4.26,18,30,90,3.956666667,4.216666667,5.8,5.8,272.9299849,1,1
1993-04-01 09:41:14.670000+00:00,27.813,30.886,10,0.8,3.813,3,30,90,3.946666667,4.195555556,5.8,5.8,250.4429472,1,0
1993-04-02 22:03:42.400000+00:00,27.83,33.738,10,0.4,4.249,1,30,90,3.943333333,4.191111111,5.8,5.8,346.2764162,1,0
1993-05-04 20:56:38.870000+00:00,29.148,30.576,10,0.9,3.813,31,30,90,3.933333333,4.177777778,5.8,5.8,118.3360251,1,0
1993-05-24 21:47:21.740000+00:00,29.128,32.436,10,0.5,3.486,20,30,90,3.916666667,4.156666667,5.8,5.8,154.4467849,0,0
1993-06-13 06:16:05.410000+00:00,29.572,30.772,10,1.4,4.685,19,30,90,3.933333333,4.147777778,5.8,5.8,68.99868105,2,0
1993-07-19 08:53:46.930000+00:00,27.24,35.029,10,0.4,4.14,36,30,90,3.946666667,4.133333333,5.8,5.8,483.9539794,1,0
1993-07-26 00:07:49.770000+00:00,28.274,34.485,10,0.6,3.813,6,30,90,3.94,4.126666667,5.8,5.8,371.8643193,1,0
1993-07-30 23:34:10.810000+00:00,28.864,34.821,18,1.2,5.025,4,30,90,3.963333333,4.135555556,5.8,5.8,371.1002764,2,1
1993-07-31 17:53:01.430000+00:00,29.394,34.475,10,1.3,4.77,0,30,90,3.916666667,4.132222222,4.7,5.8,321.053879,2,0
1993-08-02 23:16:44.840000+00:00,31.236,35.278,10,0.2,4.249,2,30,90,3.916666667,4.125555556,4.7,5.8,408.763943,1,0
1993-08-03 12:31:20.190000+00:00,28.549,34.608,10,1.4,4.855,0,30,90,3.953333333,4.122222222,4.7,5.8,366.8421223,2,0
1993-08-03 12:43:05.360000+00:00,28.729,34.553,10,1.3,6.1,0,30,90,4.033333333,4.14,6.1,6.1,353.0982941,2,0
1993-08-03 12:54:06.360000+00:00,28.6,34.777,10,1.3,5.365,0,30,90,4.066666667,4.142222222,6.1,6.1,379.0063239,2,0
1993-08-03 13:12:18.300000+00:00,28.504,34.676,10,1.1,5.621,0,30,90,4.12,4.151111111,6.1,6.1,375.0543792,2,0
1993-08-03 13:29:42.460000+00:00,29.679,34.141,10,1.3,4.94,0,30,90,4.143333333,4.152222222,6.1,6.1,283.0851868,2,0
1993-08-03 13:33:43.950000+00:00,28.405,34.78,10,1.3,5.28,0,30,90,4.183333333,4.154444444,6.1,6.1,389.2335246,2,0
1993-08-03 13:44:59.900000+00:00,28.607,34.638,10,1.1,5.487,0,30,90,4.203333333,4.155555556,6.1,6.1,366.496536,2,0
1993-08-03 15:42:54.660000+00:00,28.886,33.706,10,1.5,4.26,0,30,90,4.213333333,4.145555556,6.1,6.1,271.6265871,1,0
1993-08-03 16:33:20.780000+00:00,28.777,34.668,10,1.1,5.7,0,30,90,4.27,4.152222222,6.1,6.1,361.0799325,2,0
1993-08-03 17:50:20.630000+00:00,28.668,34.786,10,1.3,4.94,0,30,90,4.296666667,4.153333333,6.1,6.1,376.5580601,2,0
1993-08-03 18:02:05.460000+00:00,28.948,34.663,10,1.1,4.94,0,30,90,4.3,4.153333333,6.1,6.1,353.3776782,2,0
1993-08-03 20:53:51.900000+00:00,28.672,34.567,10,1.3,5.025,0,30,90,4.32,4.154444444,6.1,6.1,357.0767567,2,0
1993-08-07 04:55:39.980000+00:00,28.807,34.717,10,1,4.77,3,30,90,4.363333333,4.148888889,6.1,6.1,364.1349847,2,0
1993-08-09 06:05:03.240000+00:00,28.737,34.704,10,1.2,4.94,2,30,90,4.4,4.152222222,6.1,6.1,366.0960624,2,0
1993-08-13 00:31:43.120000+00:00,28.561,34.716,9,1.6,5.025,3,30,90,4.41,4.148888889,6.1,6.1,375.6005049,2,0
1993-08-13 01:11:08.490000+00:00,29.167,34.669,10,1.3,4.685,0,30,90,4.42,4.15,6.1,6.1,345.9479378,2,0
1993-08-15 05:11:27.560000+00:00,28.743,34.676,10.2,1.4,4.6,2,30,90,4.44,4.148888889,6.1,6.1,363.3332206,2,1
1993-08-16 02:12:33.670000+00:00,28.663,34.627,10,1.1,4.345,0,30,90,4.453333333,4.137777778,6.1,6.1,362.7771571,1,0
1993-08-20 23:10:00.480000+00:00,28.764,34.687,10,1.4,4.855,4,30,90,4.453333333,4.135555556,6.1,6.1,363.3582635,2,0
1993-09-10 19:48:55.530000+00:00,29.936,34.15,10,0.7,4.09,20,30,90,4.446666667,4.127777778,6.1,6.1,280.9189643,1,0
1993-09-12 23:15:54.540000+00:00,28.594,34.578,23.2,1.4,3.92,2,30,90,4.436666667,4.12,6.1,6.1,361.9318847,1,1
1993-09-20 20:18:04.660000+00:00,28.918,34.485,10,1.4,4.345,7,30,90,4.43,4.118888889,6.1,6.1,338.5254637,1,0
1993-10-03 17:49:04.030000+00:00,28.803,34.656,10,1.1,4.175,12,30,90,4.43,4.108888889,6.1,6.1,358.8496849,1,0
1993-10-10 11:17:04.390000+00:00,28.756,34.62,10,1.1,4.175,6,30,90,4.44,4.106666667,6.1,6.1,357.7638095,1,0
1993-10-18 20:51:15.570000+00:00,28.896,34.57,9.3,1.2,5.11,8,30,90,4.456666667,4.111111111,6.1,6.1,347.1065003,2,0
1993-10-21 00:35:04.330000+00:00,28.898,34.698,10,0.9,4.77,2,30,90,4.47,4.123333333,6.1,6.1,358.5740533,2,0
1993-11-03 18:39:33+00:00,28.654,34.65,13,1,5.195,13,30,90,4.51,4.133333333,6.1,6.1,365.2330925,2,1
1993-11-08 01:06:02.990000+00:00,28.698,34.673,13.8,1,5.195,4,30,90,4.516666667,4.146666667,6.1,6.1,365.1561946,2,1
1993-11-24 19:31:46.240000+00:00,28.776,34.703,10,0.9,3.922,16,30,90,4.496666667,4.14,6.1,6.1,364.2477837,1,0
1993-11-25 02:54:13.910000+00:00,28.712,34.676,10,0.7,3.159,0,30,90,4.463333333,4.128888889,6.1,6.1,364.7656229,0,0
1993-11-27 02:04:26.760000+00:00,31.474,28.937,10,0.8,3.805,1,30,90,4.456666667,4.132222222,6.1,6.1,271.1224523,1,0
1993-12-04 23:34:11.160000+00:00,28.886,34.903,10,1.3,5.085,7,30,90,4.403333333,4.137777778,5.7,6.1,377.6587792,2,0
1993-12-31 10:26:17.300000+00:00,29.145,34.751,10,1.4,4.515,26,30,90,4.37,4.141111111,5.7,6.1,354.2779079,2,0
1994-01-01 03:10:30.280000+00:00,28.647,34.609,10,1.3,4.345,0,30,90,4.323333333,4.136666667,5.7,6.1,361.9807595,1,0
1994-01-02 07:49:23.690000+00:00,28.745,33.305,31.1,1.4,4.005,1,30,90,4.286666667,4.133333333,5.7,6.1,247.1060457,1,2
1994-01-03 08:21:01.650000+00:00,29.991,34.054,10,0.9,4.175,1,30,90,4.243333333,4.132222222,5.7,6.1,271.4052904,1,0
1994-01-13 15:29:57.280000+00:00,30.162,31.446,10,1.2,4.005,10,30,90,4.19,4.128888889,5.7,6.1,24.08858799,1,0
1994-01-31 21:28:06.480000+00:00,28.372,34.884,10,1.5,4.14,18,30,90,4.196666667,4.13,5.7,6.1,399.9198587,1,0
1994-01-31 22:57:18.710000+00:00,28.423,34.535,10,0.3,4.14,0,30,90,4.14,4.123333333,4.9,6.1,367.3885514,1,0
1994-02-09 15:04:03.560000+00:00,28.412,35.233,10,1.3,3.813,8,30,90,4.11,4.12,4.9,6.1,428.2187167,1,0
1994-02-17 23:13:33.660000+00:00,28.875,34.61,10,0.7,4.515,8,30,90,4.093333333,4.122222222,4.9,6.1,351.5976608,2,0
1994-04-06 21:18:32.830000+00:00,28.74,34.645,9.6,1,4.94,47,30,90,4.09,4.126666667,4.9,6.1,360.7192098,2,0
1994-04-28 08:06:53.970000+00:00,28.68,35.159,10,1.2,4.031,21,30,90,4.073333333,4.125555556,4.9,6.1,409.3279122,1,0
1994-05-02 18:15:40.790000+00:00,27.813,33.771,10,0.9,3.922,4,30,90,4.046666667,4.13,4.9,6.1,349.8933421,1,0
1994-05-25 10:03:45.430000+00:00,31.604,30.185,10,1,4.43,22,30,90,4.023333333,4.133333333,4.9,6.1,200.3470536,1,0
1994-06-24 20:43:59.680000+00:00,30.144,34.05,10,1.1,3.295,30,30,90,4.003333333,4.124444444,4.9,6.1,270.9723158,0,0
1994-07-03 14:26:41.310000+00:00,28.742,34.573,15.4,1.2,4.685,8,30,90,4.006666667,4.13,4.9,6.1,354.2506453,2,1
1994-07-04 01:06:09.020000+00:00,28.652,34.98,10,1.3,4.09,0,30,90,3.996666667,4.126666667,4.9,6.1,394.5287091,1,0
1994-07-05 10:01:00.120000+00:00,28.693,34.607,10,1,4.43,1,30,90,3.98,4.13,4.9,6.1,359.5725481,1,0
1994-08-19 01:30:27.770000+00:00,28.443,34.621,5,1,3.805,44,30,90,4.003333333,4.135555556,4.9,6.1,373.5878133,1,0
1994-08-19 01:36:04.120000+00:00,28.637,34.828,5,1.7,3.635,0,30,90,4.026666667,4.136666667,4.9,6.1,381.7281528,1,0
1994-09-01 04:07:32.520000+00:00,29.317,34.864,10,0.8,2.87,13,30,90,4.003333333,4.125555556,4.9,6.1,359.7079874,0,0
1994-09-11 14:20:18.680000+00:00,28.743,34.717,10,1,3.377,10,30,90,3.99,4.117777778,4.9,6.1,366.9795393,0,0
1994-09-16 03:18:54.810000+00:00,31.997,35.676,10,1,4.09,4,30,90,3.986666667,4.114444444,4.9,6.1,475.5160155,1,0
1994-09-22 12:39:13.080000+00:00,28.691,34.665,10,0.9,3.268,6,30,90,3.933333333,4.107777778,4.9,6.1,364.7800815,0,0
1994-09-26 13:54:07.420000+00:00,28.783,34.716,10,0.8,3.486,4,30,90,3.9,4.105555556,4.9,6.1,365.0986361,0,0
1994-09-26 17:27:18.580000+00:00,28.522,34.596,10,0.2,4.576,0,30,90,3.883333333,4.111111111,4.9,6.1,367.2175061,2,0
1994-09-27 12:00:33.020000+00:00,28.778,34.706,10,0.8,3.486,0,30,90,3.833333333,4.104444444,4.6,6.1,364.4266842,0,0
1994-09-28 04:38:57.330000+00:00,28.591,34.889,10,0.4,3.05,0,30,90,3.806666667,4.073333333,4.6,6.1,389.2953675,0,0
1994-09-28 09:38:37.440000+00:00,30.566,32.806,10,0.3,3.922,0,30,90,3.83,4.07,4.6,6.1,161.5193175,1,0
1994-10-19 14:25:51.820000+00:00,28.614,34.655,10,0.1,3.159,21,30,90,3.79,4.066666667,4.6,6.1,367.6325693,0,0
1994-10-19 14:36:08.450000+00:00,28.6,34.631,10,0.1,3.05,0,30,90,3.74,4.058888889,4.6,6.1,366.2367598,0,0
1994-11-04 06:00:48.500000+00:00,27.388,34.442,10,0.5,3.268,15,30,90,3.71,4.048888889,4.6,6.1,430.0872822,0,0
1994-11-06 01:46:09.990000+00:00,27.983,34.238,10,0.6,3.595,1,30,90,3.696666667,4.046666667,4.6,6.1,371.1469123,1,0
1994-11-10 09:54:28.890000+00:00,28.391,34.466,10,1.4,3.159,4,30,90,3.683333333,4.037777778,4.6,6.1,363.3997096,0,0
1994-11-14 18:23:24.370000+00:00,28.714,34.739,10,1.3,3.922,4,30,90,3.686666667,4.037777778,4.6,6.1,370.2593271,1,0
1994-11-26 14:50:50.980000+00:00,28.536,34.898,10,0.5,2.723,11,30,90,3.66,4.017777778,4.6,6.1,392.7476184,0,0
1994-12-01 19:44:06.550000+00:00,28.799,34.754,10,0.4,1.96,5,30,90,3.593333333,4.001111111,4.6,6.1,367.8010586,0,0
1994-12-03 08:04:43.210000+00:00,28.553,34.833,10,0.4,2.396,1,30,90,3.54,3.983333333,4.6,6.1,386.216865,0,0
1994-12-03 08:49:50.520000+00:00,28.677,34.732,10,0.6,2.614,0,30,90,3.503333333,3.97,4.6,6.1,371.3588774,0,0
1994-12-03 09:49:10.530000+00:00,28.537,34.743,10,0.6,2.396,0,30,90,3.446666667,3.946666667,4.6,6.1,379.1615965,0,0
1994-12-05 12:00:35.720000+00:00,27.622,33.99,10,0.6,1.851,2,30,90,3.356666667,3.922222222,4.4,6.1,380.1486491,0,0
1994-12-05 13:12:40.530000+00:00,28.662,34.422,10,0.7,2.178,0,30,90,3.3,3.912222222,4.4,6.1,344.9338134,0,0
1994-12-05 21:21:13.440000+00:00,28.666,34.726,10,0.7,1.851,0,30,90,3.236666667,3.894444444,4.4,6.1,371.3481425,0,0
1994-12-06 21:00:08.590000+00:00,28.88,34.821,10,0.8,2.396,0,30,90,3.183333333,3.872222222,4.4,6.1,370.4494036,0,0
1994-12-11 04:28:34.720000+00:00,27.319,34.646,10,0.3,2.941,4,30,90,3.156666667,3.86,4.4,6.1,449.9643342,0,0
1994-12-15 09:10:20.460000+00:00,28.72,34.702,10,0.7,3.05,4,30,90,3.113333333,3.853333333,4.4,6.1,366.6987359,0,0
1994-12-16 00:44:33.530000+00:00,28.681,34.8,10,0.7,3.268,0,30,90,3.1,3.85,4.4,6.1,377.1947677,0,0
1994-12-19 10:09:57.620000+00:00,28.722,34.837,10,0.6,3.159,3,30,90,3.07,3.834444444,4.4,6.1,378.6229049,0,0
1994-12-22 07:03:10.110000+00:00,26.694,34.656,10,0.2,3.595,2,30,90,3.043333333,3.831111111,4.4,6.1,500.7111422,1,0
1994-12-24 00:31:04.110000+00:00,27.846,34.49,10,0.3,2.396,1,30,90,2.986666667,3.816666667,4.4,6.1,399.9990684,0,0
1994-12-24 08:07:23.430000+00:00,28.8,34.864,10,0.6,2.287,0,30,90,2.956666667,3.796666667,4.4,6.1,377.648385,0,0
1994-12-24 11:17:57.050000+00:00,28.812,34.324,10,1.1,2.396,0,30,90,2.926666667,3.782222222,4.4,6.1,328.9752195,0,0
1994-12-24 12:28:45.200000+00:00,28.809,34.841,10,0.4,2.396,0,30,90,2.886666667,3.771111111,4.4,6.1,375.1951228,0,0
1994-12-24 13:27:00.730000+00:00,28.804,34.855,10,0.4,1.851,0,30,90,2.843333333,3.744444444,4.4,6.1,376.6681533,0,0
1994-12-24 14:24:39.310000+00:00,28.838,34.848,10,0.5,2.505,0,30,90,2.813333333,3.727777778,4.4,6.1,374.6132554,0,0
1994-12-24 17:05:46.340000+00:00,28.811,34.839,10,0.3,2.178,0,30,90,2.74,3.711111111,3.8,6.1,374.9303448,0,0
1994-12-25 16:42:15.580000+00:00,28.797,34.825,10,0.7,2.505,0,30,90,2.71,3.686666667,3.8,6.1,374.265112,0,0
1994-12-26 05:26:51.250000+00:00,28.513,34.633,10,0.1,1.851,0,30,90,2.673333333,3.658888889,3.8,6.1,370.8762455,0,0
1995-01-01 00:46:29.730000+00:00,26.733,34.707,10,0.4,3.595,5,30,90,2.663333333,3.652222222,3.8,6.1,500.8199124,1,0
1995-01-03 09:14:35.240000+00:00,28.824,34.667,10,0.5,3.268,2,30,90,2.666666667,3.637777778,3.8,6.1,358.9124524,0,0
1995-01-03 09:18:31.910000+00:00,28.825,34.649,10,0.1,1.96,0,30,90,2.633333333,3.592222222,3.8,5.7,357.2558322,0,0
1995-01-03 11:27:57.850000+00:00,28.828,34.887,10,0.6,2.723,0,30,90,2.616666667,3.565555556,3.8,5.7,378.5532188,0,0
1995-01-03 15:11:48.290000+00:00,28.984,34.836,10,0.2,2.287,0,30,90,2.576666667,3.532222222,3.8,5.7,367.775323,0,0
1995-01-05 01:52:51.950000+00:00,27.847,33.068,10,0.4,3.704,1,30,90,2.593333333,3.521111111,3.8,5.7,302.4588788,1,0
1995-01-06 07:24:06.370000+00:00,29,34.876,10,0.3,2.505,1,30,90,2.55,3.493333333,3.6,5.7,370.85605,0,0
1995-01-06 09:17:43.030000+00:00,26.84,34.783,10,1,2.723,0,30,90,2.55,3.466666667,3.6,5.7,497.1756511,0,0
1995-01-08 13:36:52.210000+00:00,28.975,34.892,10,0.6,1.96,2,30,90,2.55,3.446666667,3.6,5.7,373.2438144,0,0
1995-01-09 03:32:47.060000+00:00,28.965,34.872,10,0.4,3.377,0,30,90,2.58,3.42,3.6,4.9,371.7838282,0,0
1995-01-12 07:46:47.220000+00:00,29.096,34.912,10,0.4,2.069,3,30,90,2.563333333,3.392222222,3.6,4.9,370.8305337,0,0
1995-01-12 10:08:05.480000+00:00,29.088,34.964,10,0.4,2.069,0,30,90,2.553333333,3.364444444,3.6,4.9,375.9181811,0,0
1995-01-13 21:20:37.420000+00:00,28.904,35.061,10,0.7,2.723,1,30,90,2.58,3.342222222,3.6,4.9,391.3865477,0,0
1995-01-15 09:54:20.160000+00:00,27.807,34.628,10,1,3.595,1,30,90,2.623333333,3.332222222,3.6,4.9,413.3517891,1,0
1995-01-26 00:11:47.620000+00:00,28.61,34.482,10,0.1,2.396,10,30,90,2.64,3.307777778,3.6,4.9,352.7956825,0,0
1995-01-27 18:00:58.390000+00:00,28.945,34.937,10,0.7,2.287,1,30,90,2.636666667,3.281111111,3.6,4.9,378.4875292,0,0
1995-01-30 19:37:25.350000+00:00,28.785,34.711,10,0.6,1.96,3,30,90,2.606666667,3.255555556,3.6,4.9,364.563105,0,0
1995-02-05 05:22:32.320000+00:00,27.122,34.577,10,0.2,3.268,5,30,90,2.613333333,3.244444444,3.6,4.9,460.421129,0,0
1995-02-06 21:15:48.850000+00:00,28.969,34.964,5,1.1,3.21,1,30,90,2.626666667,3.241111111,3.6,4.9,380.0730784,0,0
1995-02-08 11:52:12.100000+00:00,28.772,34.619,10,0.3,2.723,1,30,90,2.613333333,3.221111111,3.6,4.9,356.9427897,0,0
1995-02-10 15:12:12.150000+00:00,28.97,34.871,10,0.5,3.704,2,30,90,2.616666667,3.221111111,3.6,4.9,371.5049536,1,0
1995-02-13 14:28:59.510000+00:00,28.225,34.625,10,0.3,3.268,2,30,90,2.643333333,3.218888889,3.6,4.9,386.3541875,0,0
1995-02-15 04:39:28.280000+00:00,28.657,34.128,20,0.5,2.832,1,30,90,2.66,3.206666667,3.6,4.9,319.9546625,0,1
1995-02-17 04:33:29.540000+00:00,29.749,35.003,10.2,1,3.595,1,30,90,2.696666667,3.204444444,3.6,4.9,364.6245584,1,1
1995-02-18 13:21:39.710000+00:00,28.959,34.567,20,0.6,3.813,1,30,90,2.74,3.204444444,3.7,4.9,344.2260959,1,1
1995-02-23 02:14:10.790000+00:00,28.865,34.884,10,0.4,2.832,4,30,90,2.77,3.182222222,3.7,4.9,376.7707984,0,0
1995-02-23 12:42:00.260000+00:00,28.915,34.612,10,0.4,2.941,0,30,90,2.783333333,3.165555556,3.7,4.9,350.0983506,0,0
1995-02-25 07:43:47.130000+00:00,28.71,34.528,10,0.4,2.287,1,30,90,2.786666667,3.136666667,3.7,4.9,351.8079905,0,0
1995-02-25 10:35:22.710000+00:00,26.725,35.201,10,1.4,2.941,0,30,90,2.8,3.114444444,3.7,4.6,535.3672491,0,0
1995-02-26 08:36:28.120000+00:00,27.943,34.643,10,0.6,4.06,0,30,90,2.89,3.123333333,4.6,4.6,405.4482185,1,0
1995-02-27 09:22:28.130000+00:00,28.762,34.904,10,0.7,3.595,1,30,90,2.89,3.127777778,4.6,4.6,382.8698448,1,0
1995-02-27 17:06:57.910000+00:00,28.838,34.872,10,0.5,3.268,0,30,90,2.89,3.115555556,4.6,4.6,376.7837651,0,0
1995-03-11 22:56:04.250000+00:00,29.117,34.895,10,1.1,2.069,12,30,90,2.893333333,3.088888889,4.6,4.6,368.5597335,0,0
1995-03-13 01:17:51.630000+00:00,28.756,34.831,10,0.7,1.96,1,30,90,2.87,3.065555556,4.6,4.6,376.5799597,0,0
1995-03-15 09:20:31.120000+00:00,27.617,33.933,10,0.8,4.26,2,30,90,2.92,3.064444444,4.6,4.6,376.6545249,1,0
1995-03-22 21:32:55.780000+00:00,28.598,34.347,10,0.2,2.396,7,30,90,2.88,3.052222222,4.6,4.6,341.8163509,0,0
1995-03-24 15:50:38.390000+00:00,27.898,34.637,10,0.3,2.396,1,30,90,2.876666667,3.037777778,4.6,4.6,407.9363086,0,0
1995-03-25 05:07:44.860000+00:00,28.297,34.617,10,0.2,2.287,0,30,90,2.863333333,3.024444444,4.6,4.6,381.4567266,0,0
1995-03-26 18:56:31.780000+00:00,28.84,34.803,10,0.2,1.96,1,30,90,2.863333333,3.002222222,4.6,4.6,370.4649611,0,0
1995-03-30 08:52:34.330000+00:00,27.906,34.795,10,0.7,2.832,3,30,90,2.846666667,2.988888889,4.6,4.6,419.9797321,0,0
1995-04-06 05:24:57.180000+00:00,27.309,33.397,30,1.5,4.467,6,30,90,2.92,2.995555556,4.6,4.6,370.0734465,1,1
1995-05-14 04:00:17.400000+00:00,28.374,34.585,10,0.7,4.685,37,30,90,2.993333333,2.997777778,4.6,4.6,374.3628112,2,0
1995-06-09 23:30:36.850000+00:00,28.557,34.598,10,0.3,3.72,26,30,90,3.043333333,2.993333333,4.6,4.6,365.5636037,1,0
1995-06-27 03:32:17.430000+00:00,28.017,34.418,10,0.3,3.268,17,30,90,3.033333333,2.985555556,4.6,4.6,382.7835221,0,0
1995-07-06 05:50:22.800000+00:00,28.71,34.688,10,0.5,2.614,9,30,90,3.04,2.972222222,4.6,4.6,365.9213654,0,0
1995-07-06 15:00:51.560000+00:00,28.763,34.582,10,0.6,2.723,0,30,90,3.053333333,2.957777778,4.6,4.6,354.0701512,0,0
1995-07-06 17:07:39.990000+00:00,28.695,34.525,10,0.5,3.159,0,30,90,3.09,2.951111111,4.6,4.6,352.272682,0,0
1995-07-06 19:15:39.780000+00:00,28.51,34.742,10,0.4,2.723,0,30,90,3.073333333,2.933333333,4.6,4.6,380.4512266,0,0
1995-07-08 03:17:36.940000+00:00,29.642,31.835,10,0.8,3.268,1,30,90,3.06,2.928888889,4.6,4.6,73.09687414,0,0
1995-07-10 15:04:57.480000+00:00,28.645,34.603,10,0.8,2.396,2,30,90,3.05,2.911111111,4.6,4.6,361.5541824,0,0
1995-07-10 17:12:56.160000+00:00,28.549,34.786,10,0.5,3.05,0,30,90,3.03,2.896666667,4.6,4.6,382.3057155,0,0
1995-07-11 17:12:56.160000+00:00,28.549,34.786,10,0.5,3.05,1,30,90,3.023333333,2.884444444,4.6,4.6,382.3057155,0,0
1995-07-28 23:30:52.390000+00:00,28.935,35.396,10,0.2,2.723,17,30,90,3.02,2.878888889,4.6,4.6,421.1110243,0,0
1995-08-31 23:05:19.510000+00:00,29.194,34.819,10,0.4,3.295,33,30,90,3.026666667,2.883333333,4.6,4.6,359.0357361,0,0
1995-09-08 12:13:22.160000+00:00,29.489,32.256,10,0.5,4.345,7,30,90,3.033333333,2.886666667,4.6,4.6,116.2438181,1,0
1995-10-03 19:33:22.300000+00:00,27.585,34.387,10,0.4,3.486,25,30,90,3.053333333,2.888888889,4.6,4.6,411.1165001,0,0
1995-11-22 04:15:11.940000+00:00,28.826,34.799,10,1.3,7.2,49,30,90,3.196666667,2.931111111,7.2,7.2,370.6919306,2,0
1995-11-22 07:55:30.480000+00:00,29.049,34.713,10,1.1,5.11,0,30,90,3.28,2.935555556,7.2,7.2,354.0971437,2,0
1995-11-22 08:58:43.220000+00:00,29.024,34.738,10,0.6,3.89,0,30,90,3.33,2.946666667,7.2,7.2,357.3072405,1,0
1995-11-22 09:52:48.380000+00:00,28.83,35.399,10,0.4,4.43,0,30,90,3.31,2.957777778,7.2,7.2,425.1488147,1,0
1995-11-22 11:37:14.620000+00:00,28.768,34.841,10,1.4,4.315,0,30,90,3.356666667,2.97,7.2,7.2,376.9526439,1,0
1995-11-22 12:47:05.180000+00:00,28.536,35.005,10,1.3,5.365,0,30,90,3.42,2.992222222,7.2,7.2,402.1532229,2,0
1995-11-22 20:02:31.410000+00:00,29.056,34.795,10,0.8,4.77,0,30,90,3.496666667,3.007777778,7.2,7.2,361.3906329,2,0
1995-11-22 22:16:53.930000+00:00,28.52,34.701,10,1.3,5.4,0,30,90,3.61,3.032222222,7.2,7.2,376.3851911,2,0
1995-11-23 03:05:07.600000+00:00,28.726,34.768,10,1.2,4.94,0,30,90,3.636666667,3.044444444,7.2,7.2,372.2907922,2,0
1995-11-23 18:07:17.290000+00:00,29.333,34.749,10,1.1,5.7,0,30,90,3.746666667,3.073333333,7.2,7.2,348.4589013,2,0
1995-11-23 22:28:19.860000+00:00,28.663,34.915,10,0.8,4.345,0,30,90,3.796666667,3.074444444,7.2,7.2,388.2399549,1,0
1995-11-24 03:32:33.150000+00:00,31.97,30.484,10,0.8,4.005,0,30,90,3.836666667,3.083333333,7.2,7.2,225.7819554,1,0
1995-11-24 03:35:45.120000+00:00,29.202,35.115,10,0.5,3.89,0,30,90,3.916666667,3.11,7.2,7.2,386.476835,1,0
1995-11-24 04:09:51.590000+00:00,29.313,35.075,10,0.6,3.975,0,30,90,3.973333333,3.133333333,7.2,7.2,379.6968404,1,0
1995-11-24 16:43:45.460000+00:00,28.941,34.71,10,1.3,5.195,0,30,90,3.993333333,3.158888889,7.2,7.2,357.9269055,2,0
1995-11-24 22:26:35.470000+00:00,29.189,34.877,10,0.5,3.72,0,30,90,3.99,3.178888889,7.2,7.2,364.5996069,1,0
1995-11-25 11:41:35.260000+00:00,29.12,34.836,10,1.1,5.11,0,30,90,4.01,3.211111111,7.2,7.2,362.9869766,2,0
1995-11-25 22:41:30.110000+00:00,29.054,34.774,12.4,0.7,3.635,0,30,90,4.04,3.232222222,7.2,7.2,359.52755,1,1
1995-11-25 23:06:20.830000+00:00,29.184,35.01,10,0.5,3.72,0,30,90,4.093333333,3.257777778,7.2,7.2,377.1735906,1,0
1995-11-26 02:17:47.980000+00:00,29.09,35.026,10,1,4.09,0,30,90,4.123333333,3.271111111,7.2,7.2,381.6071315,1,0
1995-11-28 12:00:51.550000+00:00,29.146,34.931,10,0.7,3.975,2,30,90,4.17,3.288888889,7.2,7.2,370.9725295,1,0
1995-11-28 21:10:43.670000+00:00,29.178,34.873,10,0.6,3.89,0,30,90,4.226666667,3.304444444,7.2,7.2,364.5660722,1,0
1995-11-29 09:46:24.150000+00:00,29.348,34.83,16.9,0.7,3.635,0,30,90,4.256666667,3.314444444,7.2,7.2,355.6905819,1,1
1995-12-01 09:17:56.880000+00:00,28.7,34.523,10,1.2,4.77,1,30,90,4.323333333,3.328888889,7.2,7.2,351.853813,2,0
1995-12-01 20:04:59.740000+00:00,29.233,34.694,10,1,4.77,0,30,90,4.37,3.338888889,7.2,7.2,346.1781169,2,0
1995-12-01 21:18:30.920000+00:00,29.125,35.046,10,0.8,4.345,0,30,90,4.4,3.355555556,7.2,7.2,382.345448,1,0
1995-12-02 00:47:22.270000+00:00,29.308,34.657,10,1.1,4.77,0,30,90,4.456666667,3.378888889,7.2,7.2,340.5084183,2,0
1995-12-02 06:09:48.710000+00:00,29.204,35.11,10,0.7,3.813,0,30,90,4.456666667,3.393333333,7.2,7.2,385.9505488,1,0
1995-12-02 07:55:39.550000+00:00,28.801,35.162,10,0.6,4.77,0,30,90,4.473333333,3.415555556,7.2,7.2,404.5973837,2,0
1995-12-03 07:54:56.950000+00:00,28.754,35.295,10,0.8,4.358,0,30,90,4.5,3.441111111,7.2,7.2,418.5716856,1,0
1995-12-04 02:45:27.930000+00:00,28.713,35.222,10,0.7,4.358,0,30,90,4.4,3.46,5.7,7.2,413.6184835,1,0
1995-12-04 07:34:15.860000+00:00,28.836,34.944,10,0.9,4.145,0,30,90,4.396666667,3.487777778,5.7,7.2,383.3872088,1,0
1995-12-04 12:39:50.080000+00:00,28.991,34.831,10,0.6,3.635,0,30,90,4.386666667,3.505555556,5.7,7.2,367.0567317,1,0
1995-12-04 17:56:42.680000+00:00,29.188,34.79,10,0.9,4.467,0,30,90,4.396666667,3.532222222,5.7,7.2,356.5199577,1,0
1995-12-05 13:17:54.310000+00:00,29.227,35.348,10,0.8,4.467,0,30,90,4.376666667,3.541111111,5.7,7.2,407.683835,1,0
1995-12-06 02:57:24.300000+00:00,29.13,34.752,10,0.7,4.467,0,30,90,4.35,3.553333333,5.7,7.2,354.8689723,1,0
1995-12-06 09:47:27.740000+00:00,29.114,35.167,10,1.3,4.903,0,30,90,4.36,3.583333333,5.7,7.2,393.9697795,2,0
1995-12-06 17:57:54.730000+00:00,28.862,34.679,10,1.3,4.43,0,30,90,4.313333333,3.597777778,5.7,7.2,358.3595722,1,0
1995-12-08 04:12:38.940000+00:00,28.919,34.651,10,1.3,4.77,1,30,90,4.306666667,3.621111111,5.7,7.2,353.4606155,2,0
1995-12-10 00:31:16.760000+00:00,28.788,35.499,10,1.4,3.805,1,30,90,4.26,3.628888889,4.9,7.2,435.8947671,1,0
1995-12-10 15:32:20.530000+00:00,28.813,34.778,10,1.1,4.685,0,30,90,4.273333333,3.648888889,4.9,7.2,369.3536134,2,0
1995-12-11 01:32:06.520000+00:00,28.878,34.69,10,1.2,5.28,0,30,90,4.323333333,3.674444444,5,7.2,358.6790158,2,0
1995-12-11 10:54:37.930000+00:00,28.317,35.442,10,0.8,3.975,0,30,90,4.326666667,3.702222222,5,7.2,451.230579,1,0
1995-12-11 12:45:27.150000+00:00,29.188,34.81,10,0.8,4.14,0,30,90,4.31,3.71,5,7.2,358.3831907,1,0
1995-12-11 18:35:11.980000+00:00,28.998,34.767,20,1.4,4.794,0,30,90,4.3,3.737777778,5,7.2,360.9312462,2,1
1995-12-14 03:53:56.550000+00:00,28.851,34.635,10,1,4.6,2,30,90,4.3,3.761111111,5,7.2,354.8723548,2,0
1995-12-14 04:51:56.740000+00:00,29.139,34.779,10,0.4,4.358,0,30,90,4.28,3.777777778,5,7.2,357.0727706,1,0
1995-12-15 06:00:07.540000+00:00,28.772,34.746,10,0.7,3.975,1,30,90,4.293333333,3.788888889,5,7.2,368.2677581,1,0
1995-12-19 12:32:48.920000+00:00,28.851,34.572,10,1.3,4.43,4,30,90,4.286666667,3.806666667,5,7.2,349.2229095,1,0
1995-12-23 06:28:58.380000+00:00,29.561,35.24,8.8,1.2,4.77,3,30,90,4.313333333,3.83,5,7.2,390.0684931,2,0
1995-12-24 23:04:54.540000+00:00,29.187,35.339,10,0.6,4.358,1,30,90,4.303333333,3.854444444,5,7.2,407.9287268,1,0
1995-12-26 06:19:41.140000+00:00,29.139,35.243,10,1.3,4.485,1,30,90,4.326666667,3.875555556,5.1,7.2,400.3106531,1,0
1995-12-28 14:22:20.950000+00:00,29.224,35.138,10,0.6,4.14,2,30,90,4.323333333,3.88,5.1,7.2,388.0117242,1,0
1995-12-30 05:13:29.310000+00:00,28.336,35.711,10,1.1,4.345,1,30,90,4.306666667,3.893333333,5.1,7.2,474.0992611,1,0
1996-01-01 05:17:58.710000+00:00,28.934,34.541,10,0.5,3.268,2,30,90,4.266666667,3.888888889,5.1,7.2,342.8987358,0,0
1996-01-01 10:28:44.850000+00:00,28.787,34.586,10,0.4,3.268,0,30,90,4.243333333,3.888888889,5.1,7.2,353.3257037,0,0
1996-01-01 17:03:47.210000+00:00,29.205,34.666,10,0.5,3.268,0,30,90,4.203333333,3.893333333,5.1,7.2,344.4413224,0,0
1996-01-01 23:25:50.960000+00:00,28.705,34.649,10,0.3,3.268,0,30,90,4.186666667,3.89,5.1,7.2,362.7060477,0,0
1996-01-02 03:22:36.240000+00:00,28.883,34.92,10,1,3.922,0,30,90,4.166666667,3.891111111,5.1,7.2,379.3244196,1,0
1996-01-02 10:36:09.630000+00:00,29.273,34.539,10,0.4,3.377,0,30,90,4.136666667,3.896666667,5.1,7.2,330.4976759,0,0
1996-01-02 13:14:14.710000+00:00,28.928,34.599,10,0.9,3.377,0,30,90,4.106666667,3.901111111,5.1,7.2,348.3872117,0,0
1996-01-02 19:14:40.760000+00:00,28.711,34.297,10,1.2,4.345,0,30,90,4.08,3.918888889,5.1,7.2,331.5992216,1,0
1996-01-03 10:05:28.600000+00:00,28.712,34.944,10,1.3,5.195,0,30,90,4.106666667,3.941111111,5.1,7.2,388.6343713,2,0
1996-01-03 10:11:19.090000+00:00,28.692,34.672,10,0.4,4.14,0,30,90,4.096666667,3.934444444,5.1,7.2,365.3507613,1,0
1996-01-03 11:04:48.270000+00:00,28.698,34.757,10,0.1,4.031,0,30,90,4.083333333,3.938888889,5.1,7.2,372.5941542,1,0
1996-01-03 13:22:55.380000+00:00,29.062,34.789,10,0.3,3.595,0,30,90,4.056666667,3.942222222,5.1,7.2,360.625579,1,0
1996-01-04 07:31:53.210000+00:00,28.694,34.752,10,0.2,4.14,0,30,90,4.033333333,3.963333333,5.1,7.2,372.3357966,1,0
1996-01-04 14:24:41.590000+00:00,28.694,34.757,10,1,3.89,0,30,90,4.046666667,3.99,5.1,7.2,372.7791487,1,0
1996-01-04 16:25:32.470000+00:00,28.691,34.709,10,0.3,4.467,0,30,90,4.043333333,3.995555556,5.1,7.2,368.6677457,1,0
1996-01-04 17:22:39.560000+00:00,28.717,34.745,10,0.9,4.43,0,30,90,4.033333333,4.013333333,5.1,7.2,370.6547635,1,0
1996-01-04 17:34:48.220000+00:00,28.685,34.678,10,0.3,4.09,0,30,90,4.01,4.026666667,5.1,7.2,366.2115572,1,0
1996-01-06 07:36:09.480000+00:00,28.886,34.945,10,1.4,4.345,1,30,90,3.973333333,4.044444444,5.1,7.2,381.4829987,1,0
1996-01-06 20:53:29.990000+00:00,29.204,34.691,10,0,3.813,0,30,90,3.946666667,4.063333333,5.1,7.2,346.7992517,1,0
1996-01-07 16:06:36.820000+00:00,28.735,34.67,10,0.4,3.595,0,30,90,3.93,4.071111111,5.1,7.2,363.1677498,1,0
1996-01-07 17:07:20.330000+00:00,28.76,34.585,10,0.5,3.268,0,30,90,3.883333333,4.058888889,5.1,7.2,354.4747734,0,0
1996-01-07 18:48:29.040000+00:00,28.737,34.737,10,0.2,3.922,0,30,90,3.87,4.053333333,5.1,7.2,369.0320642,1,0
1996-01-07 18:53:16.320000+00:00,28.744,34.727,10,0.5,3.377,0,30,90,3.84,4.043333333,5.1,7.2,367.8246694,0,0
1996-01-08 13:18:25.080000+00:00,29.254,34.728,10,0.8,4.43,0,30,90,3.823333333,4.052222222,5.1,7.2,348.7216044,1,0
1996-01-08 21:43:09.730000+00:00,29.194,34.69,10,0.1,3.38,0,30,90,3.816666667,4.065555556,5.1,7.2,347.0233458,0,0
1996-01-09 00:10:36.850000+00:00,28.895,34.651,10,0.5,3.922,0,30,90,3.796666667,4.077777778,5.1,7.2,354.4503149,1,0
1996-01-09 19:14:19.710000+00:00,28.777,34.96,10,1,3.486,0,30,90,3.77,4.081111111,5.1,7.2,387.2742802,0,0
1996-01-13 17:47:38.990000+00:00,28.8,34.656,10,0.7,3.805,3,30,90,3.743333333,4.098888889,4.9,7.2,358.982594,1,0
1996-01-16 06:17:32.890000+00:00,29.039,34.871,10,0.7,3.922,2,30,90,3.736666667,4.105555556,4.9,7.2,368.996018,1,0
1996-01-23 03:17:16.050000+00:00,29.093,34.957,10,1.1,3.38,6,30,90,3.733333333,4.121111111,4.9,7.2,375.1033281,0,0
1996-01-24 15:05:12.950000+00:00,28.843,35.175,10,1.1,3.55,1,30,90,3.76,4.132222222,4.9,7.2,404.1397175,1,0
1996-01-31 09:53:33.680000+00:00,28.909,34.809,10,0.7,3.72,6,30,90,3.793333333,4.145555556,4.9,7.2,368.1973526,1,0
1996-02-01 08:09:07.940000+00:00,28.619,34.663,10,0.1,2.832,0,30,90,3.78,4.146666667,4.9,7.2,368.0848202,0,0
1996-02-01 08:59:20+00:00,28.849,34.784,10,0.3,3.159,0,30,90,3.776666667,4.14,4.9,7.2,368.3740811,0,0
1996-02-02 13:15:18.430000+00:00,28.892,34.923,10,1.3,4.77,1,30,90,3.796666667,4.145555556,4.9,7.2,379.2434442,2,0
1996-02-02 14:42:16.590000+00:00,29.235,34.67,10,0.9,4.685,0,30,90,3.836666667,4.157777778,4.9,7.2,343.8781579,2,0
1996-02-02 21:14:56.360000+00:00,29.225,34.66,10,0.7,3.55,0,30,90,3.86,4.122222222,4.9,5.7,343.2548111,1,0
1996-02-04 07:23:22.980000+00:00,29.139,34.651,10,1.1,4.26,1,30,90,3.856666667,4.111111111,4.9,5.7,345.2176024,1,0
1996-02-04 12:16:32.070000+00:00,29.746,34.796,10,0.9,3.635,0,30,90,3.83,4.107777778,4.5,5.7,344.7956877,1,0
1996-02-04 16:20:21.880000+00:00,29.369,35.083,5,0.9,3.805,0,30,90,3.84,4.111111111,4.5,5.7,379.0685627,1,0
1996-02-12 02:57:28.660000+00:00,28.545,35.445,10,0.9,3.635,7,30,90,3.846666667,4.102222222,4.5,5.7,440.8908057,1,0
1996-02-12 13:51:06.740000+00:00,29.217,34.677,10,0.8,3.635,0,30,90,3.866666667,4.091111111,4.5,5.7,345.0877321,1,0
1996-02-12 16:11:40.490000+00:00,28.667,34.578,10,0.2,3.05,0,30,90,3.833333333,4.075555556,4.5,5.7,358.2851114,0,0
1996-02-12 17:48:43.270000+00:00,28.894,34.606,10,0.4,3.486,0,30,90,3.8,4.053333333,4.5,5.7,350.4331502,0,0
1996-02-12 18:23:46.530000+00:00,28.356,35.53,10,1,4.515,0,30,90,3.793333333,4.047777778,4.5,5.7,457.1048171,2,0
1996-02-12 19:24:41.490000+00:00,28.755,35.07,10,1.1,2.505,0,30,90,3.743333333,4.012222222,4.5,5.1,398.1275664,0,0
1996-02-12 20:36:38.960000+00:00,29.074,35.059,10,0.9,3.05,0,30,90,3.723333333,4.002222222,4.5,5.1,385.1958365,0,0
1996-02-13 17:21:37.460000+00:00,28.872,34.977,10,0.2,3.268,0,30,90,3.7,3.998888889,4.5,5.1,384.9476955,0,0
1996-02-15 00:51:39.410000+00:00,28.789,34.562,10,0.5,3.268,1,30,90,3.683333333,3.985555556,4.5,5.1,351.1009809,0,0
1996-02-15 17:26:44.910000+00:00,29.089,35.03,10,1,2.832,0,30,90,3.66,3.966666667,4.5,5.1,382.0113242,0,0
1996-02-16 02:33:56.110000+00:00,28.754,34.473,10,0.6,3.05,0,30,90,3.653333333,3.945555556,4.5,5.1,344.8591346,0,0
1996-02-18 10:59:36.130000+00:00,28.938,34.477,10,0.2,2.941,2,30,90,3.623333333,3.931111111,4.5,5.1,336.9595091,0,0
1996-02-19 09:16:35.690000+00:00,29.033,34.566,10,0.2,3.159,0,30,90,3.616666667,3.912222222,4.5,5.1,341.2265926,0,0
1996-02-21 04:59:53.450000+00:00,28.883,34.75,22.5,1,5.3,1,30,90,3.66,3.925555556,5.3,5.3,363.8947592,2,1
1996-02-26 07:17:07.980000+00:00,28.869,34.479,10,1,4.43,5,30,90,3.666666667,3.923333333,5.3,5.3,340.1120461,1,0
1996-02-26 07:17:28.310000+00:00,28.732,34.822,23,1.5,5.28,0,30,90,3.706666667,3.938888889,5.3,5.3,376.8367425,2,1
1996-04-11 11:46:03.870000+00:00,27.516,34.587,10,0.2,3.595,45,30,90,3.71,3.927777778,5.3,5.3,430.9064174,1,0
1996-04-11 15:34:28.730000+00:00,29.247,34.964,10,0.5,3.268,0,30,90,3.673333333,3.914444444,5.3,5.3,371.0303783,0,0
1996-04-13 04:09:20.170000+00:00,28.866,34.855,10,0.4,2.832,1,30,90,3.64,3.9,5.3,5.3,374.0996566,0,0
1996-04-16 00:12:02.270000+00:00,28.941,34.674,16.4,1,4.345,2,30,90,3.643333333,3.894444444,5.3,5.3,354.6561782,1,1
1996-06-01 16:06:56.830000+00:00,28.645,34.634,10,1,4.175,46,30,90,3.633333333,3.886666667,5.3,5.3,364.2682846,1,0
1996-06-25 10:45:58.360000+00:00,29.195,34.825,10,0.7,4.005,23,30,90,3.61,3.882222222,5.3,5.3,359.5643333,1,0
1996-09-15 02:21:10.430000+00:00,29.038,34.999,10,1.36,4.6,81,30,90,3.656666667,3.88,5.3,5.3,380.8476977,2,0
1996-11-18 09:36:07.020000+00:00,29.746,34.798,10,0.35,3.72,64,30,90,3.693333333,3.885555556,5.3,5.3,344.9875683,1,0
1996-11-26 09:29:32.660000+00:00,30.432,32.193,10,0.82,4.94,7,30,90,3.7,3.887777778,5.3,5.3,101.5614894,2,0
1996-12-01 13:44:33.070000+00:00,30.287,32.18,10,1.39,4.005,5,30,90,3.666666667,3.88,5.3,5.3,94.70445064,1,0
1996-12-17 11:31:30.780000+00:00,27.56,34.007,10,0.77,4.26,15,30,90,3.66,3.875555556,5.3,5.3,386.2742711,1,0
1996-12-20 07:21:14.510000+00:00,27.552,33.145,10,1.07,4.77,2,30,90,3.68,3.872222222,5.3,5.3,333.7816189,2,0
1996-12-23 08:53:12.470000+00:00,27.517,33.885,10,0.86,3.975,3,30,90,3.693333333,3.876666667,5.3,5.3,381.6057136,1,0
1997-01-26 08:21:41.570000+00:00,29.498,34.673,10,0.45,3.55,33,30,90,3.683333333,3.873333333,5.3,5.3,337.2672401,1,0
1997-02-21 10:12:53.700000+00:00,29.142,34.652,10,0.76,3.89,26,30,90,3.693333333,3.874444444,5.3,5.3,345.2083126,1,0
1997-03-08 15:21:02.310000+00:00,27.535,34.192,10,0.74,5.11,15,30,90,3.716666667,3.88,5.3,5.3,401.0325472,2,0
1997-05-10 23:01:46.920000+00:00,28.213,34.82,10,1.19,5.025,63,30,90,3.773333333,3.88,5.3,5.3,403.2980828,2,0
1998-04-25 01:29:30.040000+00:00,29.608,34.246,10,0.89,3.635,349,30,90,3.796666667,3.881111111,5.3,5.3,294.4080615,1,0
1998-05-28 18:33:28.100000+00:00,31.401,27.667,10,1,5.5,33,30,90,3.843333333,3.893333333,5.5,5.5,372.9634506,2,0
1998-11-19 12:09:33+00:00,29.7,34.63,16,0.89,3.975,174,30,90,3.91,3.895555556,5.5,5.5,329.5032717,1,1
1998-12-14 20:48:44.010000+00:00,26.554,31.099,10,1.05,4.855,25,30,90,3.96,3.897777778,5.5,5.5,388.3453296,2,0
1999-01-26 11:46:02.400000+00:00,31.109,35.188,1,0.89,2.615,42,30,90,3.95,3.874444444,5.5,5.5,396.4230058,0,0
1999-01-27 10:01:01.060000+00:00,31.112,35.071,10,1.01,2.445,0,30,90,3.933333333,3.854444444,5.5,5.5,385.8467245,0,0
1999-02-02 18:01:28.600000+00:00,28.83,34.67,1,0.89,3.55,6,30,90,3.973333333,3.854444444,5.5,5.5,358.9208623,1,0
1999-06-13 04:20:09.020000+00:00,28.157,34.907,10,0.84,4.6,130,30,90,4.013333333,3.85,5.5,5.5,413.8185191,2,0
1999-06-17 14:23:01.840000+00:00,27.996,34.487,10,0.85,4.685,4,30,90,4.06,3.851111111,5.5,5.5,389.6103616,2,0
1999-08-07 20:19:43.100000+00:00,28.9,34.88,14,0.89,3.295,51,30,90,4.08,3.845555556,5.5,5.5,375.0129943,0,1
1999-10-05 05:44:33.940000+00:00,29.35,35.936,10,0.78,4.515,58,30,90,4.04,3.841111111,5.5,5.5,460.485459,2,0
1999-10-11 20:39:31.120000+00:00,28.604,31.567,10,0.96,4.855,6,30,90,4.056666667,3.846666667,5.5,5.5,163.3535123,2,0
1999-10-28 15:39:13.450000+00:00,30.414,35.136,10,0.91,4.685,16,30,90,4.033333333,3.845555556,5.5,5.5,376.9466303,2,0
1999-12-08 03:35:48.100000+00:00,29.3,34.8,5,0.89,3.55,40,30,90,4.05,3.843333333,5.5,5.5,354.1522465,1,0
1999-12-19 08:42:49.100000+00:00,29.7,34.95,17,0.89,3.635,11,30,90,4.08,3.832222222,5.5,5.5,360.1631209,1,1
1999-12-28 12:05:06.650000+00:00,30.296,31.377,10,0.9,4.345,9,30,90,4.116666667,3.831111111,5.5,5.5,31.0998765,1,0
2000-03-08 14:22:26.380000+00:00,28.834,34.731,10,1.49,5.195,71,30,90,4.15,3.842222222,5.5,5.5,364.2292967,2,0
2000-04-06 06:37:34.350000+00:00,28.819,34.633,10,1.08,4.6,28,30,90,4.166666667,3.853333333,5.5,5.5,356.0866354,2,0
2000-10-28 21:02:35.940000+00:00,28.7,34.5,18,0.89,3.486,205,30,90,4.163333333,3.855555556,5.5,5.5,349.837816,0,1
2000-11-03 21:19:00.370000+00:00,28.89,32.765,10,0.96,4.77,6,30,90,4.17,3.868888889,5.5,5.5,195.9460892,2,0
2000-12-25 01:58:58.670000+00:00,28.612,35.009,10,0.77,3.975,51,30,90,4.18,3.883333333,5.5,5.5,398.9351113,1,0
2001-02-07 03:39:00.400000+00:00,29.26,35.01,9,0.89,3.55,44,30,90,4.16,3.885555556,5.5,5.5,374.9862925,1,0
2001-06-12 13:43:22.780000+00:00,29.625,31.04,10,0.56,4.77,125,30,90,4.19,3.897777778,5.5,5.5,50.31069649,2,0
2001-08-20 16:31:50.060000+00:00,27.371,34.096,10,0.53,4.26,69,30,90,4.19,3.903333333,5.5,5.5,407.6208715,1,0
2001-08-20 17:24:34.080000+00:00,27.431,33.943,10,0.66,4.345,0,30,90,4.173333333,3.903333333,5.5,5.5,392.5493331,1,0
2001-11-07 04:05:03.240000+00:00,27.692,34.484,10,0.98,3.72,78,30,90,4.163333333,3.895555556,5.5,5.5,410.4146842,1,0
2001-12-17 04:25:33.360000+00:00,29.82,30.946,10,0.9,3.89,40,30,90,4.176666667,3.9,5.5,5.5,37.44243465,1,0
2002-08-24 20:01:18.370000+00:00,30.2,31.41,10,1.09,4.77,250,30,90,4.176666667,3.905555556,5.5,5.5,24.09122494,2,0
2003-06-04 09:14:47.800000+00:00,27.101,31.861,10,0.59,4.145,283,30,90,4.173333333,3.918888889,5.5,5.5,332.9362186,1,0
2004-02-11 08:15:03.830000+00:00,31.675,35.551,26.7,0.89,5.3,251,30,90,4.193333333,3.933333333,5.5,5.5,449.996853,2,1
2004-03-15 23:49:56+00:00,31.37,35.54,12,0.89,3.805,33,30,90,4.2,3.932222222,5.5,5.5,437.0695376,1,1
2004-04-21 08:39:10.900000+00:00,26.87,33.81,10,0.89,3.635,36,30,90,4.153333333,3.93,5.3,5.5,433.4674511,1,0
2004-06-03 09:32:35.620000+00:00,26.876,34.35,10,1,4.855,43,30,90,4.153333333,3.935555556,5.3,5.5,465.573763,2,0
2004-07-07 14:35:08.020000+00:00,31.964,35.574,11.9,0.96,4.855,34,30,90,4.153333333,3.945555556,5.3,5.5,465.2620436,2,1
2004-08-05 17:39:15.200000+00:00,26.96,34.26,10,0.89,3.55,29,30,90,4.19,3.946666667,5.3,5.5,452.6818496,1,0
2004-10-28 07:10:32.200000+00:00,29.95,34.39,9,0.89,3.38,83,30,90,4.226666667,3.947777778,5.3,5.5,303.9318454,0,0
2005-02-26 22:57:29.170000+00:00,29.054,35.221,10,0.57,3.635,121,30,90,4.23,3.954444444,5.3,5.5,400.9007031,1,0
2005-04-16 19:55:12.880000+00:00,29.621,31.905,10,1.1,4.77,48,30,90,4.236666667,3.967777778,5.3,5.5,79.90315283,2,0
2005-07-31 16:16:37+00:00,29.67,31.12,22,0.89,4.1,105,30,90,4.23,3.971111111,5.3,5.5,43.10062343,1,1
2005-10-03 04:05:25.610000+00:00,31.78,35.505,10,1.34,4.77,63,30,90,4.253333333,3.983333333,5.3,5.5,450.6503116,2,0
2005-12-31 13:58:52.500000+00:00,28.73,32.93,21.3,0.89,3.89,89,30,90,4.263333333,3.987777778,5.3,5.5,219.7847279,1,1
2006-02-02 09:49:49.900000+00:00,27.884,34.411,2,0.89,4.855,32,30,90,4.263333333,3.995555556,5.3,5.5,391.2920673,2,0
2006-07-30 01:54:55.850000+00:00,26.256,35.561,10,0.89,5.353,177,30,90,4.283333333,4.007777778,5.3,5.5,597.6115971,2,0
2006-11-08 04:32:09.990000+00:00,28.609,31.647,1.5,1.19,4.855,101,30,90,4.3,4.02,5.3,5.5,164.5138417,2,0
2007-02-09 22:12:07.370000+00:00,31.065,35.575,2,0.99,4.43,93,30,90,4.296666667,4.016666667,5.3,5.5,430.6925922,1,0
2007-02-09 22:14:08.900000+00:00,31.11,35.46,15,0.89,4.855,0,30,90,4.316666667,4.024444444,5.3,5.5,421.3704664,2,1
2007-05-09 18:45:19.770000+00:00,26.672,34.979,10,0.89,4.94,88,30,90,4.306666667,4.033333333,5.3,5.5,524.1203804,2,0
2007-11-20 09:18:44.900000+00:00,31.683,35.557,10,0.89,4.94,194,30,90,4.32,4.04,5.3,5.5,450.8636816,2,0
2007-11-20 23:21:02+00:00,31.68,35.59,5,0.89,2.87,0,30,90,4.313333333,4.028888889,5.3,5.5,453.6180695,0,0
2007-11-23 22:19:54+00:00,31.86,34.94,11,0.89,4.77,2,30,90,4.313333333,4.046666667,5.3,5.5,406.8237199,2,1
2007-12-02 07:38:14.100000+00:00,31.669,35.544,10,0.89,3.55,8,30,90,4.296666667,4.056666667,5.3,5.5,449.1287693,1,0
2007-12-07 15:27:59.130000+00:00,28.695,33.263,35,1.15,4.345,5,30,90,4.293333333,4.051111111,5.3,5.5,247.1901772,1,2
2007-12-11 08:38:08.900000+00:00,28.84,34.87,1,0.89,4.14,3,30,90,4.28,4.045555556,5.3,5.5,376.52046,1,0
2008-04-04 14:05:17.700000+00:00,28.72,35.07,1,0.89,4.77,115,30,90,4.3,4.05,5.3,5.5,399.6042453,2,0
2008-05-19 08:56:23.490000+00:00,28.526,33.207,15,0.89,3.4,44,30,90,4.283333333,4.045555556,5.3,5.5,255.054328,0,1
2008-05-29 06:10:44.300000+00:00,27.56,33.28,31,0.89,4.031,9,30,90,4.273333333,4.043333333,5.3,5.5,340.5598519,1,2
2008-05-29 07:16:13+00:00,27.29,34.34,10,0.89,4.249,0,30,90,4.263333333,4.041111111,5.3,5.5,430.6927976,1,0
2008-06-21 17:59:46.950000+00:00,29.782,30.637,6.2,0.89,4.467,23,30,90,4.26,4.043333333,5.3,5.5,64.66090985,1,0
2008-09-10 01:58:25.200000+00:00,27.78,33.15,5,0.89,3.922,80,30,90,4.23,4.04,5.3,5.5,313.2211786,1,0
2008-10-23 01:52:47.190000+00:00,26.902,34.712,10,1.4,4.6,42,30,90,4.193333333,4.053333333,4.9,5.5,487.3279076,2,0
2011-02-20 04:52:37.890000+00:00,28.031,34.129,10,1.05,4.6,0,30,90,4.203333333,4.066666667,4.9,5.5,359.4733881,2,0
2011-06-22 23:43:15.480000+00:00,26.802,34.994,10,1.14,4.685,122,30,90,4.196666667,4.086666667,4.9,5.5,514.7680142,2,0
2011-11-19 07:12:15.670000+00:00,27.768,34.077,10,1.12,4.855,149,30,90,4.196666667,4.103333333,4.9,5.5,374.8909722,2,0
2012-01-30 17:04:28.770000+00:00,27.787,33.985,28.4,0.9,4.94,72,30,90,4.216666667,4.118888889,4.9,5.5,366.8698766,2,1
2012-02-16 02:15:11.160000+00:00,29.867,30.561,10,0.82,4.685,16,30,90,4.233333333,4.131111111,4.9,5.5,67.92808556,2,0
2013-04-07 15:58:01.600000+00:00,27.831,33.953,10,0.93,4.77,416,30,90,4.243333333,4.148888889,4.9,5.5,361.2140141,2,0
2013-06-01 11:49:28.450000+00:00,28.414,33.224,21.8,0.73,5.025,54,30,90,4.253333333,4.167777778,4.9,5.5,264.7381999,2,1
2013-08-31 07:15:47.430000+00:00,31.0523,26.42,11,1.57,4.6,90,30,90,4.256666667,4.182222222,4.9,5.5,474.5340257,2,1
2014-03-15 11:57:48.300000+00:00,27.4077,34.6904,13.85,0.8,4.43,196,30,90,4.243333333,4.192222222,4.9,5.5,446.5340935,1,1
2014-05-24 07:27:30.700000+00:00,30.4765,35.3005,20,1.37,4.515,69,30,90,4.233333333,4.178888889,4.9,5.5,393.3223105,2,1
2014-07-18 20:01:28.560000+00:00,30.1728,32.4114,10,1.16,4.6,55,30,90,4.223333333,4.181111111,4.9,5.5,113.9901472,2,0
2014-07-22 03:03:43.140000+00:00,29.8676,32.4144,10,0.94,4.515,3,30,90,4.196666667,4.171111111,4.7,5.5,115.2449059,2,0
2015-02-27 12:53:08.150000+00:00,31.8897,31.0969,10,1.48,4.685,220,30,90,4.19,4.18,4.7,5.5,205.6142527,2,0
2015-03-01 12:10:46.890000+00:00,31.9702,29.9986,14.13,1.26,4.26,1,30,90,4.183333333,4.186666667,4.7,5.5,244.445627,1,1
2015-06-27 15:34:03.960000+00:00,29.0402,34.6672,22,0.76,5.5,118,30,90,4.216666667,4.216666667,5.5,5.5,350.2163459,2,1
2015-07-08 02:15:28.870000+00:00,28.7532,34.7315,14.17,0.51,4.175,10,30,90,4.186666667,4.214444444,5.5,5.5,367.8110702,1,1
2015-07-30 02:39:05.400000+00:00,31.3971,35.4781,13,0.88,4.6,22,30,90,4.173333333,4.22,5.5,5.5,432.4886794,2,1
2015-09-03 01:44:40.580000+00:00,30.6289,28.5213,13.94,0.53,4.855,34,30,90,4.216666667,4.231111111,5.5,5.5,268.4762165,2,1
2016-05-16 01:45:59.740000+00:00,28.6516,34.6194,10,1.1,5.28,256,30,90,4.236666667,4.24,5.5,5.5,362.6659937,2,0
2016-11-29 17:01:13.290000+00:00,28.5557,34.458,14.26,1.2,4.77,197,30,90,4.25,4.242222222,5.5,5.5,353.5814057,2,1
2017-01-21 16:54:23.050000+00:00,30.2032,31.8314,10,1.11,4.685,52,30,90,4.263333333,4.238888889,5.5,5.5,59.95206367,2,0
2017-05-02 09:43:12.880000+00:00,31.957,24.5525,10,0.74,4.77,100,30,90,4.276666667,4.248888889,5.5,5.5,671.4039637,2,0
2018-03-30 07:44:28.290000+00:00,29.9677,31.6183,10,1.52,3.519,331,30,90,4.24,4.243333333,5.5,5.5,37.81550283,1,0
2019-11-19 23:04:29.209000+00:00,27.6261,34.5737,10,0.76,4.77,599,30,90,4.273333333,4.243333333,5.5,5.5,421.8917299,2,0
2020-01-18 21:46:14.437000+00:00,26.9764,34.6634,10,0.91,4.77,59,30,90,4.29,4.242222222,5.5,5.5,478.0116071,2,0
2020-04-05 05:04:04.389000+00:00,28.9129,34.5466,10,0.68,4.515,77,30,90,4.29,4.243333333,5.5,5.5,344.2856429,2,0
2020-06-16 14:30:26.687000+00:00,27.3437,34.7204,10,0.93,5.5,72,30,90,4.33,4.255555556,5.5,5.5,453.5014319,2,0
2020-12-15 02:30:09.935000+00:00,29.5749,34.9527,10,0.74,4.345,181,30,90,4.333333333,4.245555556,5.5,5.5,362.3855104,1,0
2021-02-19 08:40:41.936000+00:00,23.0068,28.6783,10,0.45,4.685,66,30,90,4.336666667,4.241111111,5.5,5.5,822.7820927,2,0
2021-06-15 23:08:52.705000+00:00,30.2013,35.0504,10,1,4.515,116,30,90,4.323333333,4.241111111,5.5,5.5,367.2882769,2,0
2022-02-01 09:01:18.721000+00:00,29.3644,31.5521,10,0.8,4.685,230,30,90,4.326666667,4.227777778,5.5,5.5,81.55417274,2,0
2022-12-27 00:11:02.169000+00:00,28.1144,33.3703,10,0.69,5.025,328,30,90,4.34,4.23,5.5,5.5,298.4576773,2,0
2023-02-23 22:25:39.039000+00:00,30.1565,32.3957,10,0.43,4.26,58,30,90,4.316666667,4.222222222,5.5,5.5,112.2855169,1,0
2023-04-14 23:58:24.522000+00:00,27.4122,34.0681,10,0.74,4.6,50,30,90,4.303333333,4.236666667,5.5,5.5,402.383858,2,0
2024-09-19 10:55:11.300000+00:00,26.9879,34.6452,10,0.52,4.6,523,30,90,4.3,4.253333333,5.5,5.5,475.8415472,2,0
2024-10-31 04:35:01.171000+00:00,28.2482,34.471,10,0.8,4.77,41,30,90,4.3,4.257777778,5.5,5.5,372.2759755,2,0
